time,0,1,2,3,4,5,6
1961/1/31,,,,,,,
1961/2/28,,,,,,,
1961/3/31,0.98,2.3,1.61,1.19,0.61,0.56,-0.3
1961/4/30,1.06,1.31,1.63,1.65,0.79,0.31,0.08
1961/5/31,0.95,1.6,1.34,1.36,0.89,0.4,0.45
1961/6/30,1.05,-1.19,0.13,0.92,1.66,0.72,0.5
1961/7/31,0.34,-0.42,0.17,0.31,0.8,0.3,-0.22
1961/8/31,0.05,-0.01,0.53,-0.04,0.63,0,-1.27
1961/9/30,-0.05,-0.22,1.23,0.88,0.28,0.01,-2.26
1961/10/31,0.93,-0.53,1.22,1.77,1.24,0.88,-1.72
1961/11/30,0.33,-2.09,1.1,1.96,0.76,0.8,-1.8
1961/12/31,0.04,0.77,1.04,0.93,0.11,0.53,-0.96
1962/1/31,-0.23,1.11,1.54,0.73,-0.81,-0.16,-0.94
1962/2/28,0.53,0.73,0.94,0.69,0.49,0.46,-0.13
1962/3/31,0.24,0,0.4,-0.39,0.47,0.96,-0.1
1962/4/30,0.8,-0.29,-0.04,0.15,0.78,1.67,0.35
1962/5/31,0.32,0.76,-0.4,-0.25,0.36,0.96,0.25
1962/6/30,0.53,1.12,0.83,0.24,0.53,0.8,0.03
1962/7/31,0.4,1.5,0.09,-0.7,0.53,0.99,0.63
1962/8/31,0.01,1.61,0.82,-1.04,-0.25,0.7,0.21
1962/9/30,-0.03,1.53,-0.95,-1.68,-0.05,1.09,0.81
1962/10/31,-1.18,1.05,0.26,-1.04,-1.19,-0.61,-1.15
1962/11/30,-1.07,-0.78,-0.79,-0.91,-0.64,-0.41,-1.15
1962/12/31,-1.47,-0.2,-0.43,-1.07,-1.46,-1.15,-1.45
1963/1/31,-1.39,0.17,-1.55,-1.55,-0.93,-0.25,-1.12
1963/2/28,-0.85,0.67,-1.17,-0.83,-0.54,0.21,-0.57
1963/3/31,0.77,-0.31,-0.58,0.61,0.44,1.46,0.5
1963/4/30,-0.63,-0.25,-0.77,-0.5,-0.77,0.4,-0.7
1963/5/31,-0.98,-0.83,-1.46,-1.28,-0.72,0.04,-0.84
1963/6/30,-0.71,1.08,-0.66,-1.04,0.07,-0.04,-1.43
1963/7/31,-0.08,1.32,-0.47,-0.22,0.88,0.11,-1.47
1963/8/31,0.75,1.32,0.96,0.64,0.87,0.29,-0.64
1963/9/30,0.4,0.91,-0.12,-0.2,0.79,0.17,-0.07
1963/10/31,0.72,0.57,1.05,0.98,0.15,0.49,0.29
1963/11/30,0.78,0.02,0.47,1.63,0.32,1.03,-0.1
1963/12/31,0.57,-0.87,1.18,2.16,-0.38,0.96,-0.39
1964/1/31,-0.15,-0.88,-0.79,0.34,-0.62,0.93,-0.12
1964/2/29,-1.19,-0.87,-0.18,-0.96,-1.27,-0.84,-0.67
1964/3/31,-0.41,-1.31,-0.39,-0.41,0,0.33,-0.44
1964/4/30,-0.38,-2.12,-0.46,-0.55,-0.31,0.52,-0.2
1964/5/31,0.73,-2.09,0.21,-0.09,0.61,1.13,1.1
1964/6/30,0.25,0.51,0,-0.41,-0.19,0.83,0.98
1964/7/31,-0.2,1.04,0.32,-0.13,-0.97,0.18,0.64
1964/8/31,-1.27,1.36,-0.52,-1.03,-1.23,-0.94,-1.16
1964/9/30,-0.33,1.01,-0.04,-0.6,0.32,0.19,-1.67
1964/10/31,0.75,0.6,-0.05,0.52,1.4,0.83,-1.25
1964/11/30,1.44,-0.19,0.56,1.51,1.78,1.34,-0.47
1964/12/31,0.89,-1.37,0.5,1.42,0.88,0.58,0.43
1965/1/31,0.86,-1.18,0.05,-0.08,1.24,0.77,1.01
1965/2/28,0.96,-0.83,0.37,0.79,0.42,0.94,1.11
1965/3/31,0.75,-0.12,0.28,0.52,0.62,0.89,0.62
1965/4/30,0.53,0.7,-0.05,0.58,0.93,0.81,-0.34
1965/5/31,0.63,1.21,0.63,0.87,0.74,0.79,-0.23
1965/6/30,1.51,2.54,1.46,1.47,1.78,1.07,0.09
1965/7/31,1.29,2.03,1.15,1.01,1.35,0.72,0.52
1965/8/31,0.35,1.3,0.42,-0.06,0.45,0.23,-0.12
1965/9/30,-0.93,0.69,-0.39,-1.2,-0.98,-0.48,0.2
1965/10/31,-0.65,0.81,1.29,0.27,-1.5,-0.54,-0.27
1965/11/30,-0.37,1.02,1.43,1.28,-1.08,-0.84,-0.54
1965/12/31,-0.01,0.41,2.2,2.05,-0.93,-0.72,-0.7
1966/1/31,-0.02,0.55,1.23,1.15,-0.41,-1.36,-0.31
1966/2/28,1.48,1.63,1.23,1.19,0.59,1.05,1.36
1966/3/31,0.81,0.46,-1.77,-0.68,1.16,1.57,1.23
1966/4/30,0.06,-0.25,-1.93,-1.3,0.58,1.36,0.65
1966/5/31,2.24,-0.47,-0.63,0.3,2.05,2.66,1.77
1966/6/30,2.2,-0.53,1.12,1.25,1.35,2.69,1.83
1966/7/31,2.98,0.15,1.99,1.51,1.84,2.82,2.64
1966/8/31,2.13,0.66,2.44,1.65,0.73,2.23,2.11
1966/9/30,1.61,0.73,1.46,0.02,0.47,1.91,2.24
1966/10/31,0.63,0,1.03,-0.01,-0.85,1.31,1.51
1966/11/30,-0.71,-0.64,-0.08,-1.68,-1.43,0.12,0.97
1966/12/31,-0.06,0.27,0.63,-0.51,-0.74,-0.17,1
1967/1/31,0.65,2.06,0.81,-1.19,0.46,0.53,1.36
1967/2/28,1.02,1.32,1.42,-0.52,0.72,0.69,1.54
1967/3/31,-0.45,0.58,1.62,-0.81,-0.88,-1.04,-0.09
1967/4/30,-0.16,-0.58,1.78,1.19,-1.03,-1.44,-0.03
1967/5/31,-1.12,-1.47,0.81,-0.25,-1.56,-2.01,-0.42
1967/6/30,-1.38,-1.03,-0.51,-0.52,-1.58,-2.36,-0.58
1967/7/31,-1.91,-1.24,-0.3,-1.51,-1.71,-2.63,-1.22
1967/8/31,-1.9,-0.66,0.12,-1.81,-1.15,-2.2,-1.46
1967/9/30,-0.85,-0.89,1.69,-0.38,-0.66,-1.02,-1.19
1967/10/31,-1.09,-0.09,1.42,-0.58,-0.84,-1.01,-1.43
1967/11/30,-0.29,0.65,1.83,1.04,-0.87,-0.12,-1
1967/12/31,-0.91,0.42,1.34,-0.13,-1.2,-0.94,-0.98
1968/1/31,0.24,1.16,2.07,1.3,-0.62,0.2,-0.72
1968/2/29,0.42,1.13,2.14,1.47,-0.89,-0.67,-1.13
1968/3/31,-0.2,0.9,1.48,1.26,-1.03,-0.86,-1.37
1968/4/30,0.27,-1.07,1.3,2.36,-1.01,-0.72,-0.6
1968/5/31,-0.58,-0.17,0.61,0.6,-1.27,-0.62,-0.74
1968/6/30,-0.32,0.33,0.98,0.89,-1.34,-0.3,-0.66
1968/7/31,-1.4,0.32,0.61,-1.1,-1.77,-0.8,-1.44
1968/8/31,-1.13,-0.51,1.21,-0.25,-1.37,-0.93,-1.36
1968/9/30,-0.76,-0.4,1.69,-0.49,-0.48,-0.57,-1.63
1968/10/31,-0.34,-0.6,1.69,0.73,0.21,-0.52,-1.84
1968/11/30,-0.79,-0.01,0.9,0.39,-0.05,-0.52,-1.95
1968/12/31,-1.45,-1.83,-0.68,-0.45,-1.19,-1.23,-1.67
1969/1/31,-1.25,-1.15,-1.38,-0.5,-1.3,-0.81,-1.06
1969/2/28,-1.04,-1.82,-1.49,-1.49,-0.77,-0.15,0.26
1969/3/31,-0.54,-2.13,-1.39,-1.15,0.3,0.18,0.3
1969/4/30,-1.37,-1.89,-1.41,-1.4,-0.62,-0.53,-1.22
1969/5/31,-1.33,-2.15,-1.55,-0.94,-0.95,-0.84,-1.56
1969/6/30,-1.07,-2.12,-0.34,-0.33,-0.96,-1.01,-1.67
1969/7/31,-0.23,-1.47,0.22,0.47,0.01,-0.58,-0.5
1969/8/31,-0.38,-0.98,1.69,0.96,-0.62,-1.48,-0.56
1969/9/30,-0.22,-0.43,0.78,0.19,-0.48,-0.57,0.14
1969/10/31,-1.51,-0.64,-0.12,-0.93,-1.44,-1.23,-1.06
1969/11/30,-0.99,-0.2,-1.19,-1.4,-0.53,-0.07,-0.8
1969/12/31,-1.37,-1.44,-0.85,-1.35,-0.83,-1.13,-1.34
1970/1/31,-1.13,0.05,-0.51,-0.52,-0.98,-1.08,-1.15
1970/2/28,-0.68,1.39,-0.23,-0.52,-0.54,-0.61,-0.49
1970/3/31,-0.57,1.87,0.54,-0.1,-1.14,-1.11,-0.35
1970/4/30,-0.73,1.36,0.55,0.32,-1.33,-1.23,-0.65
1970/5/31,-0.76,0.51,0.75,1.07,-1.47,-1.23,-1.13
1970/6/30,0.02,-0.87,0.44,1.91,-0.85,-0.31,-0.83
1970/7/31,-0.48,1.1,1,1.16,-1.34,-0.92,-1.2
1970/8/31,-0.31,0.15,0.41,0.63,-1.04,0.04,-0.37
1970/9/30,-1.74,0.39,-0.4,-0.69,-1.62,-1.44,-1.62
1970/10/31,-1.41,-1.31,-1.48,-1.03,-1.01,-0.83,-0.9
1970/11/30,-1.37,-0.88,-0.67,-1.25,-0.98,-1.59,-0.7
1970/12/31,-0.49,-1.15,0.58,-0.34,-0.57,-1.02,0.25
1971/1/31,0.41,0.53,1.43,1.21,-0.39,-0.52,0.33
1971/2/28,1.63,0.11,0.77,1.91,0.73,0.89,1.12
1971/3/31,0.24,-0.18,0.22,0.78,-0.2,-0.34,0.42
1971/4/30,-0.55,-0.68,0.19,0.42,-1,-0.94,-0.29
1971/5/31,-0.23,0.9,0.73,0.5,-0.77,-0.31,-0.32
1971/6/30,0.31,0.34,0.93,0.54,0.09,0.23,0.05
1971/7/31,0.9,-1.27,1.12,1.15,0.86,0.5,0.37
1971/8/31,0.67,-1.97,1.69,1.43,0.35,-0.33,0.41
1971/9/30,-0.21,-1.9,1.58,1.12,-0.46,-1.1,-0.33
1971/10/31,-0.15,-0.81,1.63,0.44,-0.83,-1.17,1.41
1971/11/30,-0.22,1.11,0.38,-0.69,0.05,-0.96,0.63
1971/12/31,0.4,1.4,0.45,-0.13,0.58,-0.42,0.9
1972/1/31,-0.21,-0.14,-0.42,-0.75,0.68,0.12,-0.24
1972/2/29,0.72,-0.36,0.11,-0.51,1.16,0.73,1.23
1972/3/31,0.7,0.03,-0.35,-0.05,1.14,0.13,1.24
1972/4/30,1.78,0.77,0.99,1.51,1.44,0.44,1.84
1972/5/31,-0.16,-0.1,-0.19,0.46,-0.06,-1,0.33
1972/6/30,0.25,-1.24,-0.14,0,0.59,-0.22,0.9
1972/7/31,0.39,-0.37,-0.23,-0.32,1.71,-0.25,0.1
1972/8/31,1.62,-1.42,0.37,1.01,2.17,0.96,0.77
1972/9/30,1.72,-0.91,0.61,1.17,2.05,0.93,1.12
1972/10/31,1.15,-1.67,-0.93,1.13,1.09,1.28,0.59
1972/11/30,1.82,-0.02,-0.13,1.17,1.06,1.68,1.99
1972/12/31,1.65,-0.13,-0.08,1.41,1.13,1.5,1.67
1973/1/31,1.78,0.49,1.12,1.17,1.24,1.03,1.89
1973/2/28,0.21,1.62,0.41,-1.08,0.42,-0.29,1.08
1973/3/31,-0.19,0.69,0.45,1.43,-0.87,-1.09,-0.87
1973/4/30,-0.18,0.19,0.77,0.92,-0.39,-0.85,-0.58
1973/5/31,0.02,-0.07,0.89,1.33,-0.26,-0.39,-0.54
1973/6/30,-0.21,-0.61,0.78,0.29,-0.46,-0.19,-0.59
1973/7/31,0.21,-1.71,0.04,0.79,0.01,0.33,0.11
1973/8/31,0.49,-1.89,-0.73,1.06,0.68,0.23,0.22
1973/9/30,1.36,-2.12,-0.96,1.84,1.39,0.63,1.37
1973/10/31,1.17,-1.63,-0.4,1.35,1.31,-0.09,1.46
1973/11/30,1.44,-1.61,1.13,0.64,1.21,0.27,1.99
1973/12/31,0.63,0.33,1.12,-1.07,0.85,-0.2,1.44
1974/1/31,0.98,1.08,1.2,-0.63,0.97,0.73,1.34
1974/2/28,-0.52,-0.07,-1.34,-1.38,-0.4,0.41,0.71
1974/3/31,0.74,-0.53,0.23,0.63,0.04,0.82,0.99
1974/4/30,1.58,-1.51,1.26,1.94,1.06,1.27,0.99
1974/5/31,1.09,-0.7,1.67,1.79,0.78,0.65,0.53
1974/6/30,0.76,-0.3,1.38,1.17,0.97,0.19,-0.07
1974/7/31,-0.12,-0.08,1.11,0.23,0.01,-0.14,-1.06
1974/8/31,1.41,-0.16,1.7,0.81,1.67,1.67,-1.14
1974/9/30,1.01,-0.51,1.07,0.83,0.98,1.55,-1.28
1974/10/31,1.7,-0.31,0.28,1.38,1.61,1.63,-0.03
1974/11/30,0.28,0.11,-0.27,0.57,-0.02,0.41,0.42
1974/12/31,1.13,0.88,-0.04,0.08,1.17,0.96,1.29
1975/1/31,1.88,1.24,0.71,1.33,1.72,1.87,1.47
1975/2/28,2.14,1.23,-0.29,1.38,2.14,2.09,1.84
1975/3/31,2.13,-0.46,-0.5,1.87,1.95,1.87,1.9
1975/4/30,0.19,-0.46,-0.58,-0.84,0.43,0.48,0.89
1975/5/31,0.51,0.37,0.1,0.08,0.4,0.69,0.72
1975/6/30,0.92,-0.54,0.61,-0.09,1.02,1.15,1.21
1975/7/31,0.63,-0.33,0.49,0.07,0.2,1.02,1.17
1975/8/31,0.72,-1.1,-0.51,-0.13,0.82,1.31,1.06
1975/9/30,-0.36,-1.02,-1.18,0.01,-0.4,0.1,0.03
1975/10/31,1.61,-1.33,-0.54,0.84,1.61,1.27,1.36
1975/11/30,1.08,-0.66,0.68,0.77,1.02,0.67,0.94
1975/12/31,1.44,0.07,1.03,0.66,1.48,1.28,0.99
1976/1/31,0.38,-0.85,0.41,0.53,0.46,0.13,0.37
1976/2/29,0.4,-0.53,-0.17,0.81,-0.14,0.13,0.56
1976/3/31,1.08,-0.09,0.58,1,0.81,1.21,0.61
1976/4/30,0.59,0.75,-0.06,0.57,0.58,1.1,-0.04
1976/5/31,0.55,-0.02,0.76,0.23,0.74,0.72,0.24
1976/6/30,0.21,-0.11,1,0.04,0.39,0.11,-0.01
1976/7/31,0.61,-1.21,1.05,0.19,0.5,0.52,1.08
1976/8/31,0.44,-0.35,1.15,0.32,-0.19,0.26,1.33
1976/9/30,1.14,-0.39,1.28,0.88,-0.08,1.05,1.9
1976/10/31,1,0.29,1.4,1.47,-0.43,0.65,1.38
1976/11/30,0.84,0.15,1.22,1.36,-0.03,0.96,0.54
1976/12/31,-0.02,0.56,0.24,0.64,-0.34,0.42,-0.23
1977/1/31,-0.48,1.64,-0.06,0.03,-0.6,-0.15,-0.69
1977/2/28,-0.72,2.01,0.27,-0.05,-0.98,-0.99,-0.98
1977/3/31,-0.73,2.13,0.54,0.62,-1.43,-1.07,-1.37
1977/4/30,-0.44,2.52,1.01,0.92,-1.07,-0.76,-1.41
1977/5/31,-0.76,1.53,-0.08,0.15,-1.14,-0.5,-1.25
1977/6/30,-1.28,-1.59,-0.83,-0.88,-1.47,-0.86,-1.21
1977/7/31,-0.79,-1.69,-0.63,-0.02,-0.88,-0.76,-0.25
1977/8/31,-0.18,-1.11,-0.1,0.16,-0.54,0.04,0.71
1977/9/30,1.63,-0.3,1.1,1.57,1.12,1.45,0.98
1977/10/31,0.3,-0.02,0.22,0.71,0.03,0.89,-0.77
1977/11/30,-0.11,0.01,0.08,1.01,0.03,0.14,-0.97
1977/12/31,-1.02,0.93,-0.1,0.76,-1.36,-1.12,-1.21
1978/1/31,0,1.16,0.72,0.81,-0.69,-0.46,-0.03
1978/2/28,1.29,1.11,0.81,1.82,0.11,1.16,0.31
1978/3/31,1.8,0.87,0.05,1.15,1.91,2.04,1.07
1978/4/30,1.43,0.33,-1.15,0.27,2.06,2.24,0.57
1978/5/31,1.18,0.04,-0.1,0.06,1.54,1.53,0.86
1978/6/30,1.21,-1.01,1.31,1.11,0.93,1.13,1.01
1978/7/31,1.14,-0.9,1.5,1.26,0.25,1.16,0.97
1978/8/31,1.55,-0.95,0.83,1.54,1.19,1.63,0.49
1978/9/30,2.08,-0.9,-0.17,1.66,2.06,2.23,0.38
1978/10/31,1.83,-0.71,-0.7,1.69,1.95,1.62,-0.07
1978/11/30,0.77,1.1,-0.86,0.63,0.96,1.07,0.06
1978/12/31,-0.73,1.51,-1.7,-0.55,-0.45,-0.8,-0.31
1979/1/31,-0.8,1.37,-1.65,-1.17,-0.31,-0.64,-0.1
1979/2/28,-0.76,0.16,-1.66,0.39,-0.37,-0.7,-0.94
1979/3/31,-0.85,0.49,-0.87,-0.11,-0.32,-1.12,-0.83
1979/4/30,0.81,0,-0.73,0.35,1.05,1.2,0.6
1979/5/31,1.05,-1.25,-1.31,0.32,1.61,1.74,0.33
1979/6/30,1.71,-0.47,-0.93,0.71,2.08,2.13,1.18
1979/7/31,0.76,0.01,-1.11,-0.39,1.19,1.13,1.34
1979/8/31,0.17,0.54,-0.63,-0.81,0.76,-0.37,1.1
1979/9/30,-0.36,0.29,-0.3,-1.32,0.2,-0.22,0.4
1979/10/31,-0.96,0.65,0.57,-0.73,-0.09,-0.8,-1.8
1979/11/30,-1.38,0.87,0.76,-1.45,-0.99,-1.18,-1.37
1979/12/31,-1.76,1.61,0.79,-1.82,-1.56,-2.05,-1.64
1980/1/31,-1.59,0.99,0.17,-1.77,-1.52,-1.96,-1.06
1980/2/29,-1.48,1.67,0.58,-1.51,-1.52,-1.67,-1.12
1980/3/31,-1.13,0.62,-0.39,-1.1,-1.05,-1.33,-0.33
1980/4/30,-0.83,0.39,-0.47,-0.92,-0.64,-0.77,-0.31
1980/5/31,-0.43,-0.6,-0.99,-0.75,0.02,-0.15,-0.06
1980/6/30,0.85,-0.85,0.14,0.35,0.7,1.16,1.08
1980/7/31,1.16,-0.15,-0.08,0.99,0.44,1.26,1.51
1980/8/31,1.52,1.23,0.47,1.04,0.37,1.41,2.35
1980/9/30,1.24,1.61,-0.78,0.4,0.82,1.36,1.31
1980/10/31,1.43,1.75,-0.04,-0.4,1.2,1.41,1.46
1980/11/30,1.19,0.36,-0.62,-0.42,1.34,1.61,0.92
1980/12/31,0.26,-0.23,-0.59,-0.67,0.48,0.37,0.77
1981/1/31,0.11,-0.92,-1.07,-0.4,0.54,0.05,0.64
1981/2/28,-0.07,-0.97,-0.16,0.47,-0.4,0.19,-0.07
1981/3/31,-0.35,-0.43,0.09,-0.25,-0.41,0.21,-0.4
1981/4/30,0.23,-0.8,-0.59,-0.27,0.96,0.83,-0.14
1981/5/31,0.5,-1.03,0.13,1.43,0.67,0.2,-0.09
1981/6/30,1.36,-1.27,0.87,1.76,1.99,0.52,0.16
1981/7/31,1.78,-0.43,0.84,2.1,2.13,0.86,-0.26
1981/8/31,1.52,0.26,-0.19,1.28,2.22,0.78,-0.89
1981/9/30,0.13,0.15,-1.57,0.71,0.88,-0.86,-0.5
1981/10/31,-0.26,-0.31,-1.66,0.31,0.81,-1.11,-0.11
1981/11/30,0.92,-1.18,-0.72,1.34,0.93,-0.15,1.25
1981/12/31,1.62,-0.65,0.11,1.5,1.58,1.29,1.08
1982/1/31,1.46,-0.39,0.7,0.53,1.46,1.45,1.37
1982/2/28,-0.3,-0.82,0.03,-0.36,0.24,-0.59,0.05
1982/3/31,0.04,-0.78,-0.81,-0.33,-0.25,0.53,0.77
1982/4/30,1.05,0.84,0.38,0.85,0.61,0.59,1.18
1982/5/31,-0.18,-0.82,-1.01,0.12,-0.46,-0.31,0.63
1982/6/30,0.05,0.71,0.44,0.34,0.23,-0.74,0.17
1982/7/31,-0.51,0.63,-0.36,-0.35,-0.14,-0.85,-0.3
1982/8/31,0.15,0.32,0.47,0.9,0.21,-0.62,-0.74
1982/9/30,0.82,0.2,-0.4,1.64,0.43,1.03,-0.95
1982/10/31,0.55,-0.65,-0.33,2.2,0.18,0.8,-1.21
1982/11/30,0.75,0.88,0.13,1.19,0.44,1.3,-0.22
1982/12/31,-0.37,-0.32,-0.06,-0.29,-0.48,-0.04,-0.1
1983/1/31,0.67,0.98,1.3,0.49,0.35,1.21,0.3
1983/2/28,0.93,1.1,2.01,0.98,1.01,1.26,-0.98
1983/3/31,0.72,0.91,2.24,1.25,0.77,-0.09,-1.24
1983/4/30,-0.87,0.51,1.94,-0.87,-0.29,-0.89,-1.71
1983/5/31,-1.16,-0.38,0.28,-0.98,-0.95,-0.96,-1.45
1983/6/30,-0.87,-0.35,-0.5,-0.95,-0.39,-0.34,-1.37
1983/7/31,-0.79,-0.65,-0.66,-0.63,-0.69,-0.34,-0.52
1983/8/31,0.1,-0.28,0.67,-0.23,-0.37,0.3,1.13
1983/9/30,-0.46,-0.53,1,0.2,-1.35,-0.86,1.06
1983/10/31,1.39,-0.15,1.29,1.18,0.29,0.55,2.19
1983/11/30,1.11,0.22,1.5,1.57,0.31,0.36,1.23
1983/12/31,1.63,0.26,1.89,1.53,1.05,1.41,1.18
1984/1/31,0.24,0.09,2.12,0.86,-0.89,-0.22,0.1
1984/2/29,-0.47,-0.3,0.62,0.11,-0.91,-0.52,-0.52
1984/3/31,-0.84,-0.72,-1.34,-0.88,-0.63,-0.03,-0.25
1984/4/30,0.26,-0.52,-1.2,-0.07,0.89,0.74,0.1
1984/5/31,0.51,0.62,-0.14,0.48,0.77,0.44,0.36
1984/6/30,1.09,0.52,1.24,0.61,1.3,0.59,1.02
1984/7/31,0.25,1.06,1.37,0.34,-0.02,-0.46,0.54
1984/8/31,0.39,-0.59,1.23,0.06,1.01,-0.25,-0.46
1984/9/30,-0.98,-0.98,0.06,-0.34,-0.09,-1.28,-1.56
1984/10/31,0.16,-1.79,0.21,0.99,0.71,-0.12,-0.83
1984/11/30,-0.34,-1.34,-0.48,0.34,-0.2,0.01,-0.54
1984/12/31,0.26,0.22,-0.31,0.56,0.47,0.89,-0.4
1985/1/31,-0.43,0.08,-1.44,-1.17,0.77,0.94,-0.67
1985/2/28,0.53,0.45,-0.57,-0.21,1.05,1.42,0.47
1985/3/31,0.79,1.54,-0.08,-0.42,1.16,0.71,1.04
1985/4/30,1.9,1.64,1.03,0.81,1.8,1.11,1.89
1985/5/31,0.77,1.91,1.19,0.44,0.05,0.09,1.5
1985/6/30,1.09,1.37,1.67,0.66,1.12,0.23,1.25
1985/7/31,-0.16,0.84,1.26,-0.12,-0.16,-0.59,-0.15
1985/8/31,-0.29,0.51,1.1,-0.24,0.43,-1.11,-1.23
1985/9/30,-0.51,1.12,1.14,-0.37,-0.72,-0.95,-0.19
1985/10/31,-0.1,0.82,0.37,-0.17,-0.14,-0.44,0.32
1985/11/30,0.76,1.35,0.67,1.24,-0.17,0.33,1.13
1985/12/31,0.36,-0.72,-0.6,1,0.02,0.07,0.74
1986/1/31,0.53,0.53,-0.32,1.14,-0.11,0.04,0.77
1986/2/28,-1.08,0.5,-1.31,-1.33,-0.7,-0.92,0
1986/3/31,-1.54,-0.34,-1.18,-2.02,-0.65,-1.23,-0.59
1986/4/30,-0.27,-0.01,0.07,-0.24,-0.35,0.04,-0.2
1986/5/31,0.61,-1.03,-0.75,0.49,1.44,0.88,-0.17
1986/6/30,0.77,-1.36,-0.74,1.03,1.31,0.91,-0.14
1986/7/31,0.85,-1.75,-0.04,0.93,1.45,0.64,0.01
1986/8/31,0.63,-1.12,0.7,0.08,0.57,0.74,1.04
1986/9/30,0.44,-0.65,1.14,-0.55,0.23,0.03,1.62
1986/10/31,0.53,0.19,0.8,-0.95,0.26,0.34,1.77
1986/11/30,0.11,0.64,1.38,-0.21,-0.09,-0.62,0.84
1986/12/31,1.01,-0.4,1.54,0.41,0.89,0.96,0.82
1987/1/31,0.5,-1.36,0.38,0.12,0.86,0.41,0.53
1987/2/28,0.62,-1.48,0.1,0.22,1.45,0.62,0.32
1987/3/31,-0.91,-1.83,-0.31,-0.34,-0.43,-0.53,-0.94
1987/4/30,-0.7,-0.65,-0.2,-0.4,-0.48,-0.25,-0.9
1987/5/31,-1.32,-2.09,-1.6,-1.33,-0.8,-0.8,-1.24
1987/6/30,-0.85,-1.9,-0.79,-0.93,-0.5,-0.47,-0.64
1987/7/31,-1.03,0.25,-0.86,-1.22,-0.11,-1.16,-1.06
1987/8/31,0.39,1.45,0.7,-0.17,0.75,-0.31,0.02
1987/9/30,0.83,2.32,2.07,0.2,0.54,-0.13,0.38
1987/10/31,0.57,1.2,1.54,0.67,-0.22,0.24,0.56
1987/11/30,1.04,0.41,1.57,1.37,-0.49,0.53,1.73
1987/12/31,0.05,-1.33,-0.9,0.25,-0.4,0.01,0.92
1988/1/31,0.91,0.34,-0.04,0.35,0.27,0.57,1.48
1988/2/29,-1.06,0.38,-0.36,-0.63,-1.19,-0.87,-0.71
1988/3/31,-1.24,0.54,-0.39,-1.07,-1.27,-0.96,-0.76
1988/4/30,0.74,0.78,1.37,0.73,-0.14,0.45,0.81
1988/5/31,0.68,1.1,1.37,0.51,0.32,0.58,0.64
1988/6/30,0.71,-1.15,0.17,0.43,0.35,0.91,1.16
1988/7/31,-0.32,-0.84,-0.99,-0.32,-0.61,0.39,0.59
1988/8/31,-1.18,-0.21,-1.17,-0.49,-1.32,-0.89,-0.21
1988/9/30,-2.04,0.92,-0.67,-1.18,-2.12,-2.38,-0.24
1988/10/31,-0.09,0.84,0.12,-0.27,-0.01,-0.4,0.31
1988/11/30,0.15,0.35,0.3,-0.66,0.54,0.15,0.31
1988/12/31,0.86,-1.06,0.7,0.35,1.27,1.39,-0.15
1989/1/31,-1.12,-0.7,0.1,-0.57,-1.04,-1.61,-0.93
1989/2/28,-1.35,0.4,-0.49,-0.47,-1.51,-1.44,-1.18
1989/3/31,1.08,0.64,-0.39,1.18,0.72,0.87,1.04
1989/4/30,0.35,1.88,-0.2,-0.44,0.45,0.47,0.57
1989/5/31,1.05,1.54,-0.23,0.55,1.42,0.82,0.9
1989/6/30,0.28,0.97,-0.37,-0.13,0.82,0.49,-0.06
1989/7/31,0.45,-1.04,-0.06,0.16,0.71,0.7,0.38
1989/8/31,-0.42,-0.66,-0.78,-0.96,-0.28,0.69,-0.03
1989/9/30,-0.5,-0.27,-0.49,-0.67,-0.64,0.23,0.08
1989/10/31,-0.11,1.19,1.03,0.12,-0.57,-0.03,-0.25
1989/11/30,-0.34,1.83,1.6,0.5,-0.66,-0.66,-0.63
1989/12/31,-0.32,1.65,1.79,-0.12,-0.43,-0.33,-0.61
1990/1/31,-1.51,0.19,-0.97,-1.3,-1.65,-1.34,-1
1990/2/28,-0.56,0.65,-0.13,0.4,-0.09,-0.51,-1.42
1990/3/31,1.42,-0.19,0.79,1.96,1.35,1.1,0.07
1990/4/30,0.53,0.6,1.45,1.09,0.55,0,-0.38
1990/5/31,0.76,0.35,2.5,1.77,0.07,0.46,-0.18
1990/6/30,0.78,0.47,2.52,1.13,0.72,0.31,-0.4
1990/7/31,1.17,-0.1,2.46,1.62,0.73,0.78,-0.74
1990/8/31,0.12,-0.04,0.32,-0.07,0.76,0.14,-1.25
1990/9/30,-0.85,1.02,-0.56,-1.03,-0.18,-0.39,-1.35
1990/10/31,-0.45,1.51,-1.01,-1.57,0.36,0.1,-0.27
1990/11/30,0.58,2.14,0.26,-0.4,0.73,0.62,0.5
1990/12/31,0.6,0.46,-0.17,-0.02,0.87,1.02,0.29
1991/1/31,-0.04,0.44,-0.28,-0.44,0.44,-0.05,0.15
1991/2/28,-1.78,0.64,0.07,-1.17,-1.99,-1.9,-1.56
1991/3/31,-1.07,0.31,0.7,-0.21,-1.16,-1.51,-1.19
1991/4/30,-0.96,0.88,1.05,-0.15,-1.46,-1.28,-0.89
1991/5/31,-0.99,0.38,0.78,-0.6,-1.56,-1.01,-0.72
1991/6/30,-0.83,1.01,0.73,-0.11,-1.16,-1.33,-0.94
1991/7/31,-0.62,0.63,0.18,-0.17,-0.73,-1.08,-0.11
1991/8/31,0.72,1.39,0.57,0.51,0.45,0.24,0.72
1991/9/30,0.94,1.35,1.09,-0.08,0.4,0.87,1.26
1991/10/31,1.19,1.36,1.55,0.03,0.7,1.03,0.99
1991/11/30,-0.12,0.9,1.75,0.11,-0.4,-0.13,-0.34
1991/12/31,-0.19,1.32,1.38,0.23,-0.27,-0.04,-0.62
1992/1/31,0.03,0.98,1.59,1.05,-0.28,0.36,-1.14
1992/2/29,1.5,1,2.01,1.32,1.66,1.61,-0.35
1992/3/31,0.24,1.4,1.67,0.09,0.7,-0.21,-0.85
1992/4/30,-1.59,1.1,0.73,-1.47,-1.13,-1.81,-1.6
1992/5/31,-1.71,0.97,-0.81,-1.79,-1.29,-1.76,-1.69
1992/6/30,-1.22,0.69,-1.37,-1.42,-0.42,-0.94,-1.35
1992/7/31,-0.57,-0.48,-0.95,-0.32,-0.2,-0.24,-0.7
1992/8/31,0.28,-0.83,-1.35,-0.31,0.35,0.99,1.04
1992/9/30,-0.55,-1.38,-0.89,0,-0.55,0.17,-0.53
1992/10/31,-0.53,-0.98,-0.09,-1.02,-0.15,-0.1,-0.08
1992/11/30,-0.93,-1.13,1.38,-0.08,-0.86,-1.01,-1.17
1992/12/31,-0.29,-0.85,1.57,0.2,-0.18,-0.59,-0.52
1993/1/31,-0.74,-0.39,0.87,0.3,-1.12,-0.74,-1.13
1993/2/28,0.09,-0.36,1.32,0.33,-0.19,0.06,-0.34
1993/3/31,0.11,-0.3,1.05,-0.69,0.08,-0.29,0.72
1993/4/30,-0.32,-1.3,0.28,-0.15,-0.38,-0.13,-0.2
1993/5/31,-0.21,-1.75,-0.03,0.3,-0.32,-0.11,-0.17
1993/6/30,-0.35,-1.36,-0.39,0.03,-0.52,-0.14,-0.2
1993/7/31,-0.67,-0.3,-1.09,-0.25,-0.68,-0.63,0.04
1993/8/31,-0.97,1.13,-0.55,-0.85,-0.77,-1.15,-0.43
1993/9/30,-1.09,1.49,0.04,-0.79,-1.11,-1.28,-0.48
1993/10/31,-0.66,1.78,1.7,-0.77,-0.91,-1.37,0.51
1993/11/30,-0.77,0.62,0.24,-0.99,-0.81,-1.28,0.44
1993/12/31,-0.65,-0.03,0.13,-1.42,-0.31,-1.26,0.4
1994/1/31,-1.33,-0.78,-1.59,-1.82,-0.67,-1.13,-0.38
1994/2/28,0.18,-0.1,-0.53,-1.18,1.01,1.73,0.25
1994/3/31,1.72,0.49,1.28,1.31,1.49,1.79,0.88
1994/4/30,0.88,-0.24,0.86,0.87,0.83,0.78,0.43
1994/5/31,0.34,0.18,0.07,1.11,-0.03,0.24,0.18
1994/6/30,0.68,-1.1,0.33,2,-0.11,0.46,0.2
1994/7/31,1.23,-1.94,0.66,2.21,0.8,0.43,0.25
1994/8/31,1.3,-2.07,0.82,2.43,0.51,0.1,0.39
1994/9/30,0.36,-2.14,-0.51,1.88,0.45,-0.72,-0.15
1994/10/31,-0.91,-1.48,-1.22,1.05,-1.09,-0.78,-0.81
1994/11/30,-1.38,-1.77,-1.09,-0.11,-1.24,-1.11,-1.48
1994/12/31,-1.34,-1.26,-0.94,0.24,-1.31,-1.17,-1.57
1995/1/31,-0.79,-1.34,0.39,0.98,-0.98,-0.98,-1.57
1995/2/28,0,-0.88,0.82,0.75,-0.22,-0.49,-0.47
1995/3/31,-0.62,0.56,-0.16,-0.92,-0.41,-0.36,-0.2
1995/4/30,-1.13,0.97,-1,-1.44,-0.88,-0.31,-0.84
1995/5/31,-0.74,-0.39,-0.52,-0.8,-0.28,0.03,-1.22
1995/6/30,-0.49,0.56,0.36,-0.17,-0.35,0.09,-1.67
1995/7/31,0.22,-0.02,0.55,0.82,-0.06,0.75,-1.18
1995/8/31,0.95,-0.13,0.78,1.62,-0.02,0.68,0.62
1995/9/30,0.73,-0.82,0.7,1.8,-0.68,0.09,1.47
1995/10/31,0.27,-1.03,0.55,1.1,-0.55,-0.56,1.5
1995/11/30,-0.28,0.22,0.96,0.16,-0.71,-0.63,0.25
1995/12/31,-0.14,1.04,0.49,-0.24,0.14,-0.04,-0.3
1996/1/31,-0.39,1.96,0.7,-0.19,-0.22,-0.82,-0.57
1996/2/29,-0.56,1.37,-0.36,-0.4,-0.73,-0.78,-0.03
1996/3/31,-0.25,0.56,0.96,0.07,-0.61,-0.1,-0.65
1996/4/30,1.14,-0.52,0.97,1.42,0.75,1.17,0.45
1996/5/31,0.79,0.89,0.34,0.32,0.88,0.72,0.82
1996/6/30,0.23,0.6,-0.76,0.04,-0.24,0.44,1.11
1996/7/31,-0.53,0.75,-0.24,-0.19,-0.88,-0.68,0.38
1996/8/31,-1.32,-0.88,-0.34,0.37,-1.45,-1.65,-1.04
1996/9/30,0.22,-0.53,0,0.33,0.76,-0.15,-0.63
1996/10/31,0.44,-0.38,-0.89,-0.08,0.84,0.41,0.38
1996/11/30,1.99,1.79,-0.6,0.14,1.84,2.07,1.49
1996/12/31,1.19,0.97,-0.16,0.52,0.7,1.34,1.51
1997/1/31,1.53,-1.09,-0.09,0.43,1.52,2.14,1.36
1997/2/28,0.33,-0.27,-0.28,-0.94,1.01,0.28,1.08
1997/3/31,0.24,0.56,0.34,0.25,0.78,0.12,-0.29
1997/4/30,0.6,-0.22,0.53,0.39,1.17,0.38,0.1
1997/5/31,-0.3,-0.25,-0.47,-0.8,0.6,-0.06,-0.38
1997/6/30,-0.93,-0.33,-1.26,-1.29,-0.1,-0.44,-0.92
1997/7/31,-0.15,-0.76,-0.43,-0.29,0.27,0.17,-0.19
1997/8/31,0.13,-1.35,-0.5,0.56,0.33,0.02,0.02
1997/9/30,0.86,-1.25,1.28,1.17,0.7,-0.2,0.9
1997/10/31,-0.92,-1.24,-0.26,-0.29,-0.35,-1.13,-0.72
1997/11/30,-1.13,-0.31,0.3,-0.4,-0.96,-1.27,-1.06
1997/12/31,-1.11,-1.01,-0.39,-0.68,-0.95,-0.65,-1.19
1998/1/31,-1.61,0.8,0.16,-1.18,-1.8,-1.81,-1.56
1998/2/28,-1.53,1,0.66,-1.12,-1.48,-1.41,-1.75
1998/3/31,-1.71,0.74,0.81,-0.96,-1.93,-1.75,-1.86
1998/4/30,-1.17,-0.31,0.69,-0.16,-1.32,-1.35,-1.4
1998/5/31,-1.02,-1.01,0.5,-0.39,-0.94,-1.04,-1.41
1998/6/30,-0.97,0.35,-0.11,-0.31,-1.19,-1.16,-1.11
1998/7/31,-1.42,1.69,0.6,-0.64,-1.87,-1.67,-1.3
1998/8/31,-1.93,2.22,1.22,-1.52,-2.43,-2.02,-0.66
1998/9/30,-2.23,1.5,0.65,-2.07,-2.23,-2.54,0.13
1998/10/31,-1.54,1.6,-0.72,-2.12,-1.33,-1.48,0.47
1998/11/30,-0.1,0,-1.49,-1.48,0.78,-0.31,0.91
1998/12/31,0.56,2.1,-0.74,-0.86,0.89,0.47,0.98
1999/1/31,1.63,-0.31,-0.24,-0.03,1.89,1.9,1.52
1999/2/28,0.67,-0.99,-1,0.01,0.91,-0.37,1.61
1999/3/31,0.47,-0.98,-1.24,-0.43,0.29,0.97,1.34
1999/4/30,2.02,0.07,-1.01,0.88,1.8,1.99,2.12
1999/5/31,2.29,1.34,0.92,1.43,1.87,1.77,2.24
1999/6/30,1.53,2.16,0.34,0.64,0.81,1.26,2.25
1999/7/31,0.42,0.33,0.19,-0.5,-0.28,0.82,1.79
1999/8/31,-1.2,0.37,-0.21,-1.23,-1.52,-1.07,0.83
1999/9/30,-1.44,-0.84,0.85,-0.66,-1.6,-1.08,-0.89
1999/10/31,-1.01,0.57,1.18,0,-1.45,-1.01,-0.84
1999/11/30,0.54,-0.18,0.79,0,0.35,0.62,0.71
1999/12/31,1.47,1.62,0.59,0.06,1.28,1.27,1.66
2000/1/31,1.65,0.31,0.9,-0.21,1.83,1.68,1.58
2000/2/29,1.67,-0.78,1.24,1.07,1.83,0.99,1.34
2000/3/31,0.66,-0.49,1.58,0.75,-0.13,-0.05,0.65
2000/4/30,1.76,1.24,1.25,1.08,1.07,1.57,1.64
2000/5/31,1.76,1.38,1.62,0.93,1.26,1.77,1.43
2000/6/30,1.81,1.05,1.15,1.06,1.02,2.01,1.82
2000/7/31,1.4,-0.1,0.99,0.88,0.52,1.72,1.43
2000/8/31,0.73,0.86,0.41,-0.01,-0.24,1.62,1.36
2000/9/30,0.13,1.14,0.23,-0.5,-0.28,1.11,-0.41
2000/10/31,-0.01,1.01,0.1,-0.83,-0.15,0.5,0.29
2000/11/30,-0.56,-0.33,-0.35,-0.68,-0.04,-0.65,-0.25
2000/12/31,-0.1,-0.91,-0.79,-0.73,0.24,-0.46,0.69
2001/1/31,-0.86,0.54,-1.57,-1.04,-0.35,-1.36,0.01
2001/2/28,-0.75,-0.82,-1.57,-0.67,-0.42,-1.43,0.62
2001/3/31,1.7,-0.52,-1.05,1.03,1.55,1.43,2.09
2001/4/30,0.35,-0.78,-1.19,-0.43,0.15,0.5,1.3
2001/5/31,1.2,0.12,1.25,1.49,0.92,0.8,0.95
2001/6/30,0.08,0,1.45,0.24,-0.07,-0.07,-0.25
2001/7/31,0.06,-0.56,1.59,1.04,-0.23,-0.51,-0.87
2001/8/31,-0.46,-0.13,-0.59,-0.51,-0.35,-0.23,0.14
2001/9/30,-1.12,-0.07,-1.09,-0.63,-0.68,-0.91,-0.99
2001/10/31,-0.09,0.4,-0.09,-0.6,-0.2,0.27,0.34
2001/11/30,-0.81,-0.36,1.06,-0.27,-0.79,-0.58,-1.02
2001/12/31,-0.18,-0.95,0.84,0.05,-0.18,0.28,-0.45
2002/1/31,-0.92,-0.46,0.12,-0.53,-0.31,-0.54,-1.41
2002/2/28,-1.04,-0.36,-0.7,0.06,-0.59,-1.14,-1.38
2002/3/31,-0.67,-0.09,-0.19,-0.14,-0.51,-0.13,-1.01
2002/4/30,-1.13,-0.25,-0.74,-1.2,-1.15,-0.47,-0.65
2002/5/31,0.15,-0.34,1.19,0.67,-0.02,0.66,-0.82
2002/6/30,0.08,-0.57,0.08,0.68,-0.03,0.52,-0.86
2002/7/31,0.78,0.28,0.71,1.63,0.92,0.76,-1.97
2002/8/31,0.67,-0.45,-0.42,0.74,0.99,1.06,-1.02
2002/9/30,1.17,-0.86,0.19,0.24,1.37,1.68,-0.24
2002/10/31,0.27,-1.73,-1.05,-0.76,0.42,1.47,0.25
2002/11/30,-0.14,-1.51,-0.86,-0.05,-0.23,0.69,-0.09
2002/12/31,-0.23,-0.54,-0.41,1.28,-0.62,-0.16,-0.41
2003/1/31,0.82,-0.14,0.54,2.12,0.01,0.5,0.2
2003/2/28,1.13,-1.81,0.36,1.75,0.77,1.23,-0.08
2003/3/31,1.01,-1.74,0.08,1.78,0.55,1.04,0.21
2003/4/30,-0.23,-1.72,-0.84,-0.23,-0.08,0.36,-0.02
2003/5/31,-0.2,-0.19,-0.89,-0.99,0.36,0.14,0.37
2003/6/30,-0.62,1.35,-0.42,-1.12,-0.38,-0.26,-0.17
2003/7/31,-0.9,0.49,-0.77,-1.38,-0.87,-0.6,0.59
2003/8/31,-1.46,0.93,-1.54,-1.78,-1.35,-1.1,0.31
2003/9/30,-1.16,0.62,-2.48,-1.76,-0.73,-0.3,0.65
2003/10/31,-0.98,1.38,-1.78,-1.62,-0.62,-0.66,0.63
2003/11/30,-1.07,0.27,-1.86,-1.46,-0.64,-0.67,-0.26
2003/12/31,-1.45,-0.19,-1.51,-1.94,-1.33,-1.55,-0.43
2004/1/31,-1.52,-0.7,-0.87,-1.39,-1.23,-1.02,-1.31
2004/2/29,-0.8,-0.97,-0.24,-0.66,-0.19,0.65,-1.28
2004/3/31,-0.91,-0.31,-0.84,-0.97,-0.17,0.04,-1.02
2004/4/30,-0.09,-0.16,0.38,0.74,0.07,-0.33,-0.73
2004/5/31,0.5,1.25,1.39,1.97,0.12,-0.22,-0.28
2004/6/30,0.62,0.9,1.03,1.4,-0.21,0.33,0.43
2004/7/31,0.4,1.17,0.16,0.57,-0.33,0.63,0.67
2004/8/31,-0.65,0.3,-0.99,-1.13,-0.69,0.06,0.52
2004/9/30,-1.36,0.3,-0.68,-0.71,-1,-1.48,-0.99
2004/10/31,-2.3,-0.3,-0.89,-1.24,-2.01,-2.29,-2.04
2004/11/30,-2.19,-0.5,-0.67,-0.82,-2.35,-2.49,-2.12
2004/12/31,-2.05,-1.02,-1.13,-1.58,-2.1,-1.95,-1.94
2005/1/31,-1.7,-1.32,-0.74,-1.04,-1.67,-1.4,-1.75
2005/2/28,-1.82,0.38,0.12,-1.44,-2.03,-1.51,-1.64
2005/3/31,-0.93,1.09,1.54,-0.2,-1.67,-1.39,-1.18
2005/4/30,-0.98,1.02,1.07,-0.48,-1.32,-0.99,-1.09
2005/5/31,-1.28,-0.22,-0.96,-1.22,-1.34,-0.96,-0.98
2005/6/30,-1.35,0.11,-1.77,-1.1,-1.12,-1.02,-1.26
2005/7/31,-0.97,0.24,-1.9,-0.83,-0.37,-0.82,-0.6
2005/8/31,-0.11,1.35,-1.21,0.5,0.55,-1,-1.02
2005/9/30,0.54,0.65,-1.03,0.72,1.17,-0.42,-0.28
2005/10/31,-0.52,1.08,-0.54,0.21,0.24,-1.12,-0.97
2005/11/30,-0.5,-0.83,-0.94,-0.38,-0.22,-0.45,-0.07
2005/12/31,-0.46,0.71,-0.24,-0.59,-0.49,-0.79,0.29
2006/1/31,0.15,-2,-1.12,-0.27,0.37,0.3,0.79
2006/2/28,0.21,-1.19,-0.9,-0.28,0.65,-0.13,1.04
2006/3/31,-0.6,-0.55,-1.77,-1.31,-0.55,0.63,0.38
2006/4/30,0.31,-0.07,-0.97,-0.15,0.29,0.59,0.76
2006/5/31,-0.14,-0.54,-0.13,-0.23,-0.39,-0.15,0.53
2006/6/30,-0.8,0.03,-0.88,-0.83,-1.02,-0.94,0.51
2006/7/31,-0.67,-0.81,-0.95,-0.74,-0.34,-0.89,0.53
2006/8/31,0.32,-1.12,-1.8,-0.2,0.8,0.23,1.44
2006/9/30,0.62,-1.64,-1.3,0.07,1.2,0.01,1.35
2006/10/31,0.43,-1.44,-0.26,0.41,0.66,0.36,0.27
2006/11/30,-1.04,-1.5,0.14,-0.77,-0.64,-0.65,-1.16
2006/12/31,-0.61,-0.54,0.53,-0.12,-0.3,0.31,-1.35
2007/1/31,-1.57,-0.45,-0.92,-1.49,-1.32,-1.24,-1.23
2007/2/28,-0.77,-1.27,-0.02,-1.22,-0.26,-0.44,-0.08
2007/3/31,0.04,-1.46,-0.79,-1.72,1.12,0.14,1.2
2007/4/30,0.16,-0.43,0.27,-0.38,0.07,-0.45,1.04
2007/5/31,0.51,0.51,0.79,-0.16,0.05,0.11,1.45
2007/6/30,-0.24,-0.42,-0.03,-0.29,-1,-0.34,1.18
2007/7/31,-0.59,-0.58,-0.26,-0.84,-1.05,-0.59,1.42
2007/8/31,-0.53,-0.06,-0.85,-1.65,-0.27,0.02,1.1
2007/9/30,-0.18,0.14,0.46,-1.08,0,-0.02,0.56
2007/10/31,1.43,0.19,0.31,0.1,1.61,1.41,0.38
2007/11/30,0.96,-0.98,0.31,0.83,1.38,0.78,0
2007/12/31,1.19,-0.5,-0.14,0.47,1.71,1.49,0.13
2008/1/31,0.29,0.63,0.3,-0.35,1.2,0.4,-0.19
2008/2/29,-0.01,0.86,0.52,0.72,0.11,-0.84,-0.58
2008/3/31,1.02,1.43,0.96,1.06,1.24,-0.1,0.55
2008/4/30,0.71,0.48,-0.19,0.95,0.07,0.51,0.86
2008/5/31,0.94,1.39,0.43,0.09,0.89,0.88,1.2
2008/6/30,0.7,0.64,0.27,0.58,0.18,0.84,0.98
2008/7/31,0.42,0.33,0.6,1.09,-0.12,0.08,0.2
2008/8/31,-0.43,0.29,0.56,1.26,-1.11,-0.75,-1.2
2008/9/30,-0.17,0.13,0.6,0.82,-1.11,0.07,-0.21
2008/10/31,0.27,0.63,0.62,-0.11,-0.48,0.72,0.63
2008/11/30,1.04,-0.05,0.18,0.55,0.46,1.32,1.14
2008/12/31,0.84,0.42,0.18,0.61,0.7,0.84,0.85
2009/1/31,0.69,-1.31,-0.85,-0.07,0.89,1.19,0.96
2009/2/28,-0.56,-0.74,-1.4,-1.64,0.4,-0.04,0.64
2009/3/31,0.4,-0.82,-1.5,-1.31,1.06,1.18,1.18
2009/4/30,1,-0.97,-1.12,-0.74,1.73,0.85,1.58
2009/5/31,0.9,-0.37,-0.38,-0.24,1.15,0.81,1.51
2009/6/30,-0.08,0.47,-0.45,-0.62,-0.06,0.09,0.79
2009/7/31,-0.05,1.14,-0.54,-0.25,-0.16,0.39,0.27
2009/8/31,-0.9,0.81,-0.83,-0.85,-0.67,-0.5,-0.94
2009/9/30,0.71,-0.04,-0.99,-0.64,1.26,0.72,0.87
2009/10/31,-0.36,-0.33,-1.43,-1.25,0.74,-0.35,0.22
2009/11/30,-0.06,-0.81,-1.83,-1.25,1.28,-0.02,-0.01
2009/12/31,-1.15,1.41,-1.89,-1.43,-0.38,-1.1,-0.92
2010/1/31,-0.58,-0.08,-1.48,-0.94,0.12,0.52,-0.44
2010/2/28,0.1,-0.81,-2.11,-0.26,0.79,1.78,0.14
2010/3/31,-0.32,0.26,-1.05,-0.55,-0.03,0.27,0
2010/4/30,-1.16,1.66,0.08,-1.2,-1.14,-1.2,-0.71
2010/5/31,-1.41,2.06,-0.46,-1.64,-1.23,-1.54,-1.02
2010/6/30,-1.44,1.21,-0.82,-1.6,-1.52,-1.14,-0.82
2010/7/31,-1.42,-0.27,-1.07,-1.4,-1.4,-0.84,-0.83
2010/8/31,-0.43,-0.14,-0.8,-0.4,-0.83,0.59,0.24
2010/9/30,-0.21,0.26,-0.71,0.3,-0.68,0.34,-0.25
2010/10/31,1.14,0.72,-0.03,0.37,0.61,1.31,1.08
2010/11/30,0.75,0.86,0.12,-0.35,0.89,0.71,0.9
2010/12/31,1.3,0.21,0.74,-0.32,1.42,1.33,1.26
2011/1/31,0.44,1.08,0.76,-0.39,1.03,-0.32,0.52
2011/2/28,0.32,0.27,0.64,0.39,-0.31,0.75,0.24
2011/3/31,0.92,1.34,1.12,1.18,0.13,0.01,0.8
2011/4/30,0.74,0.36,0.58,1.11,-0.32,0.17,1.07
2011/5/31,0.72,0.23,0.78,1.01,0.21,0.24,1.05
2011/6/30,0.63,-1.22,-0.47,0.58,0.83,0.57,0.77
2011/7/31,0.6,0.26,-1.05,0.39,1.03,0.7,0.38
2011/8/31,0.11,-0.71,-1.79,0.02,0.43,0.78,0.08
2011/9/30,0.89,-0.39,-1.55,0.21,0.78,1.51,0.66
2011/10/31,0.65,-1.32,-1.28,-0.47,1.03,1.42,0.3
2011/11/30,0.73,-0.09,-1.09,-0.43,1.54,1.27,-0.29
2011/12/31,-0.42,-0.73,-1.55,-1.59,0.89,0.1,-0.61
2012/1/31,0.01,-0.92,-0.56,-0.7,0.96,0.03,0.14
2012/2/29,0.47,-0.15,-0.35,-0.38,0.39,0.36,1.32
2012/3/31,0.34,0.14,-0.5,-0.87,0.4,-0.03,1.51
2012/4/30,-0.25,0.82,-1.5,-1.42,0.62,-0.64,1.01
2012/5/31,0.17,-0.62,-0.72,-0.31,0.68,0.09,0.63
2012/6/30,-0.2,0.97,-0.39,-0.62,0.69,-0.48,-0.17
2012/7/31,-0.18,1.37,0.37,0.2,0.13,-0.6,-0.86
2012/8/31,-1.05,1.13,-0.23,-0.62,-0.46,-1.13,-2.06
2012/9/30,-0.62,0.17,-0.37,-0.38,-1.02,-0.49,0.55
2012/10/31,-1.51,-0.53,-1.45,-1.38,-1.54,-0.97,-0.08
2012/11/30,-0.77,-0.45,-1.42,-0.7,-1.21,-0.87,0.81
2012/12/31,-0.97,0.63,-1.87,-0.19,-1.03,-0.95,-0.53
2013/1/31,-0.02,-0.96,-1.58,0.72,-0.37,0.22,0.36
2013/2/28,-0.89,-0.9,-1.92,0.12,-0.8,-0.78,-0.4
2013/3/31,-0.97,-0.37,-1.94,-0.28,-0.3,-1.16,-0.43
2013/4/30,-0.41,-0.04,-1.51,-1.07,0.51,-0.71,0.55
2013/5/31,-0.55,0.75,-1.33,-1.26,0.12,-0.73,0.56
2013/6/30,-0.55,-0.25,-1.54,-1.37,0.07,-0.68,1.2
2013/7/31,0.13,0.93,-1.22,-0.38,0.26,0.02,1.34
2013/8/31,0.03,-0.23,-0.93,-0.07,0,-0.21,1.23
2013/9/30,1.33,0.21,-0.01,0.42,1.31,1.26,1.08
2013/10/31,0.34,-0.46,-0.31,-0.34,0.96,0.38,-0.16
2013/11/30,1.08,0.62,-0.96,0.03,1.49,1.2,0.56
2013/12/31,0.47,0.34,-0.66,1.37,0.46,0.13,0.22
2014/1/31,0.7,-1.22,-1.44,1,0.71,1.05,0.71
2014/2/28,0.19,-0.57,-0.93,0.91,0.16,0.7,-0.32
2014/3/31,-1.94,-1.33,-1.37,-1.45,-1.82,-1.34,-1.28
2014/4/30,-0.67,-1.58,-1.59,-0.75,0.11,-0.46,-0.14
2014/5/31,-1.16,-1,-1.89,-1.15,-0.67,-1.05,-0.62
2014/6/30,-0.59,0.61,-1.16,-1.01,0.35,-0.56,-0.36
2014/7/31,-0.14,0.29,-0.41,-0.63,0.7,-0.04,-0.32
2014/8/31,0.58,1.31,0.1,0.1,0.75,0.43,0.05
2014/9/30,-0.24,1.1,-0.69,0.03,-0.13,-0.16,-0.73
2014/10/31,-1.72,0.99,-1.61,-1.02,-1.62,-1.38,-1.17
2014/11/30,-1.59,-1.64,-1.77,-1,-1.56,-1.34,-1
2014/12/31,-1.05,-2.04,-1.81,-1.07,-0.96,-0.94,-0.18
2015/1/31,0.08,-0.09,0.9,0.88,-0.28,-0.27,-0.17
2015/2/28,0.79,-1.3,1.03,0.74,0.72,0.96,0.34
2015/3/31,-0.29,-2.03,0.77,1.19,-0.74,-0.23,-1.2
2015/4/30,-1.27,-1.34,-0.5,0.07,-1.46,-1.29,-1.34
2015/5/31,-1.68,-0.54,-1.32,-1.02,-1.69,-1.89,-1.69
2015/6/30,-2,-0.6,-1.94,-1.68,-1.6,-2.26,-1.98
2015/7/31,-1.63,-2,-2.2,-1.39,-0.57,-0.95,-2.31
2015/8/31,-0.94,-1.2,-1.6,-0.21,-0.23,-0.56,-1.59
2015/9/30,-0.47,-1.16,-0.19,0.73,-0.39,-0.38,-1.23
2015/10/31,-0.95,0.16,0,0.09,-1.02,-0.99,-0.86
2015/11/30,-0.87,-1.25,-0.24,-0.38,-0.83,-0.62,-0.64
2015/12/31,-0.02,-1,0.4,1.13,-0.16,0.22,-0.55
2016/1/31,0.55,-0.53,0.7,1.68,0.22,0.39,-0.18
2016/2/29,0.62,-0.2,1.39,1.59,0.14,-0.32,-0.8
2016/3/31,-1.58,-0.77,0.17,-0.76,-1.49,-1.47,-1.61
2016/4/30,-2.44,0.03,-0.12,-2.1,-2.29,-2.25,-2.39
2016/5/31,-1.58,-0.1,-0.23,-1.57,-1.44,-1.53,-1.52
2016/6/30,-1.08,0.57,-0.07,-1.17,-1.03,-0.86,-0.92
2016/7/31,-0.79,0.54,-0.2,-0.96,-1,-0.41,0.18
2016/8/31,-0.86,-0.83,-0.83,-1.01,-0.74,-0.28,0.17
2016/9/30,-0.62,-0.49,-1.04,-1.05,-0.1,-0.02,-0.22
2016/10/31,0.28,-0.76,-1.13,-0.62,0.82,0.22,0.88
2016/11/30,1.14,1.65,-0.48,0.49,1,0.73,1.34
2016/12/31,1.45,0.26,-0.38,0.57,1.21,0.76,2.01
2017/1/31,1.94,-1.5,0.04,1.69,1.71,1.45,1.8
2017/2/28,1.85,-1.73,-0.67,0.33,2.29,0.99,2.23
2017/3/31,1.63,-1.18,0.5,0.62,1.87,1.35,1.71
2017/4/30,0.83,0.04,1.08,-0.46,1.19,0.36,1.15
2017/5/31,0.89,-0.32,0.34,-0.62,1.25,0.87,1.44
2017/6/30,-0.12,0.18,-0.91,-0.97,-0.02,0.51,0.91
2017/7/31,0.97,-0.54,-1.06,-0.44,0.99,1.89,1.35
2017/8/31,0.53,0.02,-0.35,0.11,-0.15,1.62,0.85
2017/9/30,0.45,-0.36,0.23,0.78,-0.17,0.85,-0.01
2017/10/31,-0.56,0.2,-0.01,1.13,-1.11,-0.58,-0.69
2017/11/30,0.12,0.18,-0.47,0.94,0.34,-0.22,-0.17
2017/12/31,1.12,0.08,-0.2,1.28,1.08,0.82,0.86
2018/1/31,1.26,-1.67,-0.28,0.76,1.4,0.72,1.39
2018/2/28,0.87,-0.91,-0.78,0.93,0.52,0.72,1.15
2018/3/31,0.26,0.05,-0.45,0.58,0.11,-0.16,0.59
2018/4/30,-0.4,0.32,-1.17,0.36,-0.45,-0.49,-0.24
2018/5/31,-0.39,-0.43,-0.57,-0.15,-0.59,-0.39,0.11
2018/6/30,0.01,-0.08,0.46,0.44,-0.16,-0.32,0.05
2018/7/31,1.54,0.57,0.49,0.69,2.14,1.33,0.53
2018/8/31,2.25,0.98,0.79,1.67,2.4,1.59,0.8
2018/9/30,1.57,1.42,-0.28,1.2,1.92,0.64,0.54
2018/10/31,-0.92,1.33,0.25,0.69,-1.07,-1.72,-0.54
2018/11/30,-1.63,1.69,-0.69,-0.8,-2.15,-1.91,-0.84
2018/12/31,-0.69,1.23,0.13,0.36,-1.25,-0.77,-0.37
2019/1/31,0.39,1.18,0.1,1.37,-0.44,-0.03,0.34
2019/2/28,0.78,1.17,1.15,1.54,-0.33,-0.68,0.24
2019/3/31,-1.04,0.15,-0.09,-0.32,-1.25,-1.51,-0.54
2019/4/30,-1.8,-0.67,-1.46,-2.27,-1.03,-1.34,-0.86
2019/5/31,-1.52,-0.02,-2.12,-2.16,-0.86,-0.84,-0.68
2019/6/30,-1.99,-0.33,-2.24,-2.22,-1.64,-1.57,-1.09
2019/7/31,-2.11,0.2,-2.02,-2.52,-1.56,-1.82,-1.51
2019/8/31,-1.81,-0.44,-2.12,-2.33,-0.87,-0.9,-1.54
2019/9/30,-0.88,0.19,-1.82,-2.39,0.5,0.25,0.03
2019/10/31,-1.13,0.36,-1.9,-2.18,0.15,-0.05,-0.66
2019/11/30,-1.56,1.47,-1.63,-2.53,-0.56,-1.17,-0.73
2019/12/31,-1.61,0.98,-1.37,-1.48,-1.31,-1.38,-1.53
2020/1/31,-1.24,1.24,-0.21,-1.35,-0.74,-1.23,-1.12
2020/2/29,-1.85,0.6,0.35,-1.38,-1.81,-1.88,-1.82
2020/3/31,-2,-1.29,-0.55,-1.93,-1.2,-1.34,-1.78
2020/4/30,-1.46,-1.81,-0.73,-0.47,-1.43,-1.35,-1.36
2020/5/31,-1.72,-0.3,-1.25,-1.59,-1.76,-1.49,-1.55
2020/6/30,-1.9,1.3,-1.62,-1.66,-2.22,-2.03,-0.93
2020/7/31,-2.22,2.32,-1.83,-2.45,-2.31,-2.26,-0.74
2020/8/31,-1.74,0.86,-0.86,-1.21,-1.87,-1.69,-0.36
2020/9/30,-1.14,0.78,0.66,-0.49,-1.49,-0.77,-0.92
2020/10/31,1.69,-0.9,0.38,0.32,1.73,1.71,0.74
2020/11/30,1.58,0,-0.77,-0.82,1.99,1.93,0.91
2020/12/31,1.56,-1.61,-1.19,-1.23,2.21,2.12,0.93
